campaign_id,campaign_name,channel,campaign_type,actual_spend,acquired_customers,total_revenue,cac,roi_percentage,roas,budget_action
CAM_000166,Balanced heuristic database,Organic Search,Brand Awareness,13013.00,8,72242.40,1626.63,455.16,5.55,Maintain / Increase
CAM_000167,Synergized dynamic secured line,Partner,Brand Awareness,24817.54,6,13535.00,4136.26,-45.46,0.55,Reduce Spend
CAM_000168,Customer-focused heuristic time-frame,Google Ads,Brand Awareness,37627.97,6,9286.00,6271.33,-75.32,0.25,Reduce Spend
CAM_000169,Realigned incremental process improvement,Google Ads,Retargeting,12659.06,7,43748.40,1808.44,245.59,3.46,Maintain / Increase
CAM_000170,User-friendly coherent encoding,Content Marketing,Lead Generation,39024.70,4,3267.00,9756.18,-91.63,0.08,Reduce Spend
CAM_000171,Diverse context-sensitive installation,LinkedIn Ads,Lead Generation,50261.16,6,106801.60,8376.86,112.49,2.12,Maintain / Increase
CAM_000001,Sharable bifurcated algorithm,Google Ads,Webinar,15924.79,3,26219.20,5308.26,64.64,1.65,Review
CAM_000002,User-centric even-keeled encryption,Referral,Brand Awareness,5743.70,4,13918.40,1435.93,142.32,2.42,Maintain / Increase
CAM_000003,Face-to-face client-driven support,Google Ads,Brand Awareness,3820.36,10,87608.60,382.04,2193.20,22.93,Maintain / Increase
CAM_000004,Customer-focused systematic support,Referral,Lead Generation,20412.86,7,67202.80,2916.12,229.22,3.29,Maintain / Increase
CAM_000005,Quality-focused background parallelism,Organic Search,Lead Generation,21017.51,2,29462.40,10508.76,40.18,1.40,Reduce Spend
CAM_000006,Optimized 5thgeneration algorithm,Organic Search,Webinar,4428.45,6,153056.00,738.08,3356.20,34.56,Maintain / Increase
CAM_000007,Cross-group didactic emulation,Google Ads,Lead Generation,18009.81,0,0,0,-100.00,0.00,Reduce Spend
CAM_000008,Profit-focused real-time algorithm,Google Ads,Lead Generation,11894.17,5,28937.20,2378.83,143.29,2.43,Maintain / Increase
CAM_000009,Realigned dedicated structure,Content Marketing,Webinar,17764.17,11,103392.20,1614.92,482.03,5.82,Maintain / Increase
CAM_000010,Streamlined tangible moratorium,Google Ads,Webinar,20720.14,9,26805.60,2302.24,29.37,1.29,Reduce Spend
CAM_000011,Operative directional knowledge user,Google Ads,Product Launch,67095.81,9,114281.00,7455.09,70.33,1.70,Review
CAM_000012,Reverse-engineered even-keeled workforce,Organic Search,Brand Awareness,29261.23,9,52963.40,3251.25,81.00,1.81,Review
CAM_000013,Adaptive well-modulated workforce,Content Marketing,Product Launch,34722.61,4,12740.80,8680.65,-63.31,0.37,Reduce Spend
CAM_000014,Diverse tangible interface,LinkedIn Ads,Lead Generation,34380.09,5,18267.00,6876.02,-46.87,0.53,Reduce Spend
CAM_000015,Mandatory even-keeled collaboration,Google Ads,Webinar,24428.79,11,48976.40,2220.80,100.49,2.00,Maintain / Increase
CAM_000016,Extended well-modulated Graphical User Interface,LinkedIn Ads,Brand Awareness,11818.75,6,83310.60,1969.79,604.90,7.05,Maintain / Increase
CAM_000017,Customer-focused background implementation,Organic Search,Lead Generation,39947.32,8,3760.00,4993.42,-90.59,0.09,Reduce Spend
CAM_000018,Cross-platform heuristic hardware,Google Ads,Brand Awareness,7584.68,7,100473.40,1083.53,1224.69,13.25,Maintain / Increase
CAM_000019,Robust empowering workforce,Google Ads,Lead Generation,9871.51,6,167153.00,1645.25,1593.29,16.93,Maintain / Increase
CAM_000020,Balanced upward-trending knowledgebase,Referral,Retargeting,11932.26,6,35790.60,1988.71,199.95,3.00,Maintain / Increase
CAM_000021,Public-key bottom-line implementation,Google Ads,Retargeting,7910.20,5,8799.00,1582.04,11.24,1.11,Reduce Spend
CAM_000022,Configurable neutral frame,Referral,Lead Generation,46686.78,6,83746.60,7781.13,79.38,1.79,Review
CAM_000023,Self-enabling regional hierarchy,Organic Search,Retargeting,5915.11,8,69626.80,739.39,1077.10,11.77,Maintain / Increase
CAM_000024,Re-engineered content-based strategy,LinkedIn Ads,Lead Generation,26604.52,9,202638.80,2956.06,661.67,7.62,Maintain / Increase
CAM_000025,Cloned 6thgeneration protocol,Referral,Retargeting,9892.85,4,58610.00,2473.21,492.45,5.92,Maintain / Increase
CAM_000026,Focused zero administration frame,Email Marketing,Webinar,6492.24,5,47060.60,1298.45,624.87,7.25,Maintain / Increase
CAM_000027,Configurable discrete attitude,Google Ads,Brand Awareness,19024.48,9,106420.20,2113.83,459.39,5.59,Maintain / Increase
CAM_000028,Multi-tiered even-keeled knowledgebase,Organic Search,Retargeting,15984.36,4,41539.40,3996.09,159.88,2.60,Maintain / Increase
CAM_000029,Sharable high-level complexity,Google Ads,Retargeting,14538.10,4,29259.00,3634.53,101.26,2.01,Maintain / Increase
CAM_000030,Multi-layered heuristic database,Referral,Retargeting,15280.15,6,5848.00,2546.69,-61.73,0.38,Reduce Spend
CAM_000031,Synchronized encompassing standardization,Google Ads,Lead Generation,15206.13,13,50234.60,1169.70,230.36,3.30,Maintain / Increase
CAM_000032,Synergized secondary archive,LinkedIn Ads,Retargeting,6997.77,8,58411.20,874.72,734.71,8.35,Maintain / Increase
CAM_000033,Robust scalable concept,Organic Search,Lead Generation,35066.14,9,28746.00,3896.24,-18.02,0.82,Reduce Spend
CAM_000034,Public-key upward-trending encryption,Google Ads,Brand Awareness,9444.32,12,68613.80,787.03,626.51,7.27,Maintain / Increase
CAM_000035,Diverse maximized implementation,LinkedIn Ads,Lead Generation,27357.96,8,16088.00,3419.75,-41.19,0.59,Reduce Spend
CAM_000036,Future-proofed scalable solution,Organic Search,Product Launch,43704.13,4,33609.20,10926.03,-23.10,0.77,Reduce Spend
CAM_000037,Realigned directional software,Organic Search,Webinar,8748.85,6,35398.40,1458.14,304.61,4.05,Maintain / Increase
CAM_000038,Inverse zero administration time-frame,Organic Search,Lead Generation,33859.25,6,7547.00,5643.21,-77.71,0.22,Reduce Spend
CAM_000039,Centralized discrete alliance,Partner,Retargeting,8199.63,7,33775.40,1171.38,311.91,4.12,Maintain / Increase
CAM_000040,Intuitive impactful flexibility,Google Ads,Retargeting,12983.90,7,33266.80,1854.84,156.22,2.56,Maintain / Increase
CAM_000041,Cloned didactic open system,Content Marketing,Retargeting,12742.63,8,39215.00,1592.83,207.75,3.08,Maintain / Increase
CAM_000042,Universal foreground data-warehouse,Content Marketing,Lead Generation,30160.51,5,22205.40,6032.10,-26.38,0.74,Reduce Spend
CAM_000043,Streamlined modular infrastructure,Content Marketing,Lead Generation,18076.12,10,32915.00,1807.61,82.09,1.82,Review
CAM_000044,Stand-alone logistical circuit,Google Ads,Product Launch,24439.89,6,13487.20,4073.32,-44.81,0.55,Reduce Spend
CAM_000045,Fundamental client-driven encryption,Email Marketing,Webinar,30295.62,5,29952.40,6059.12,-1.13,0.99,Reduce Spend
CAM_000046,User-friendly next generation monitoring,Organic Search,Brand Awareness,34417.58,4,45672.20,8604.40,32.70,1.33,Reduce Spend
CAM_000047,Fundamental value-added paradigm,Content Marketing,Product Launch,21352.81,8,17741.00,2669.10,-16.91,0.83,Reduce Spend
CAM_000048,Optimized optimal initiative,Google Ads,Webinar,13395.82,7,192461.20,1913.69,1336.73,14.37,Maintain / Increase
CAM_000049,Multi-lateral directional challenge,Referral,Lead Generation,39191.74,9,20265.20,4354.64,-48.29,0.52,Reduce Spend
CAM_000050,Profound modular array,Email Marketing,Lead Generation,27841.71,5,28669.00,5568.34,2.97,1.03,Reduce Spend
CAM_000051,Versatile actuating budgetary management,Referral,Retargeting,12320.76,4,8756.00,3080.19,-28.93,0.71,Reduce Spend
CAM_000052,Distributed responsive complexity,Organic Search,Product Launch,69732.35,5,26309.00,13946.47,-62.27,0.38,Reduce Spend
CAM_000053,Synergized interactive policy,LinkedIn Ads,Product Launch,44903.25,4,10588.20,11225.81,-76.42,0.24,Reduce Spend
CAM_000054,Cloned human-resource implementation,Content Marketing,Webinar,5116.27,4,3258.00,1279.07,-36.32,0.64,Reduce Spend
CAM_000055,Right-sized maximized moderator,Partner,Retargeting,7735.85,5,69113.00,1547.17,793.41,8.93,Maintain / Increase
CAM_000056,Function-based neutral access,LinkedIn Ads,Retargeting,13106.12,7,15394.40,1872.30,17.46,1.17,Reduce Spend
CAM_000057,Synergized uniform budgetary management,Referral,Lead Generation,12220.28,8,38212.00,1527.54,212.69,3.13,Maintain / Increase
CAM_000058,Synergized national system engine,Organic Search,Retargeting,18291.51,4,26217.00,4572.88,43.33,1.43,Reduce Spend
CAM_000059,Future-proofed zero administration project,Organic Search,Lead Generation,15618.35,9,22718.60,1735.37,45.46,1.45,Reduce Spend
CAM_000060,Mandatory bifurcated frame,Referral,Webinar,10642.87,4,9666.40,2660.72,-9.17,0.91,Reduce Spend
CAM_000061,Optional cohesive knowledgebase,Referral,Product Launch,26784.56,7,27057.20,3826.37,1.02,1.01,Reduce Spend
CAM_000062,Adaptive uniform success,Organic Search,Product Launch,51671.91,5,10066.00,10334.38,-80.52,0.19,Reduce Spend
CAM_000063,Fundamental motivating task-force,LinkedIn Ads,Lead Generation,31877.27,7,47498.40,4553.90,49.00,1.49,Reduce Spend
CAM_000064,Enhanced motivating benchmark,Content Marketing,Webinar,13625.32,5,68146.00,2725.06,400.14,5.00,Maintain / Increase
CAM_000065,Self-enabling exuding productivity,Referral,Lead Generation,19390.60,6,27065.00,3231.77,39.58,1.40,Reduce Spend
CAM_000066,Profit-focused real-time customer loyalty,Google Ads,Lead Generation,18060.55,5,8144.00,3612.11,-54.91,0.45,Reduce Spend
CAM_000067,Distributed holistic task-force,Google Ads,Lead Generation,23937.82,5,3656.00,4787.56,-84.73,0.15,Reduce Spend
CAM_000068,Diverse needs-based time-frame,Google Ads,Lead Generation,35522.62,2,53892.00,17761.31,51.71,1.52,Review
CAM_000069,Progressive 24hour policy,Organic Search,Lead Generation,16742.01,5,28005.00,3348.40,67.27,1.67,Review
CAM_000070,Inverse mobile adapter,Google Ads,Webinar,26863.42,2,1176.00,13431.71,-95.62,0.04,Reduce Spend
CAM_000071,Customizable high-level workforce,Partner,Retargeting,14928.47,6,52937.40,2488.08,254.61,3.55,Maintain / Increase
CAM_000072,Integrated disintermediate approach,Organic Search,Brand Awareness,6161.87,9,200774.00,684.65,3158.33,32.58,Maintain / Increase
CAM_000073,Front-line non-volatile artificial intelligence,LinkedIn Ads,Lead Generation,15653.12,5,55022.00,3130.62,251.51,3.52,Maintain / Increase
CAM_000074,Configurable upward-trending matrix,Google Ads,Webinar,4519.94,11,25132.00,410.90,456.03,5.56,Maintain / Increase
CAM_000075,Cloned well-modulated monitoring,Referral,Lead Generation,18568.39,5,25111.20,3713.68,35.24,1.35,Reduce Spend
CAM_000076,Visionary clear-thinking capacity,Content Marketing,Product Launch,55755.98,6,204918.20,9292.66,267.53,3.68,Maintain / Increase
CAM_000077,Switchable methodical neural-net,Content Marketing,Lead Generation,36774.25,4,23781.40,9193.56,-35.33,0.65,Reduce Spend
CAM_000078,Down-sized empowering moderator,Organic Search,Webinar,13424.09,8,52849.40,1678.01,293.69,3.94,Maintain / Increase
CAM_000079,Robust interactive data-warehouse,LinkedIn Ads,Retargeting,10453.41,5,71286.40,2090.68,581.94,6.82,Maintain / Increase
CAM_000080,Quality-focused web-enabled superstructure,LinkedIn Ads,Lead Generation,24872.83,6,45561.00,4145.47,83.18,1.83,Review
CAM_000081,Team-oriented dedicated structure,Email Marketing,Product Launch,66641.54,7,83346.20,9520.22,25.07,1.25,Reduce Spend
CAM_000082,Integrated impactful secured line,LinkedIn Ads,Brand Awareness,3900.97,8,76527.60,487.62,1861.76,19.62,Maintain / Increase
CAM_000083,Streamlined holistic intranet,Content Marketing,Lead Generation,35432.53,7,13832.00,5061.79,-60.96,0.39,Reduce Spend
CAM_000084,Programmable local capability,Referral,Lead Generation,34548.00,6,32498.40,5758.00,-5.93,0.94,Reduce Spend
CAM_000085,Fully-configurable directional architecture,Google Ads,Product Launch,52694.34,7,12122.20,7527.76,-77.00,0.23,Reduce Spend
CAM_000086,Mandatory 3rdgeneration parallelism,Organic Search,Product Launch,19509.48,4,15260.00,4877.37,-21.78,0.78,Reduce Spend
CAM_000087,Reactive discrete parallelism,Google Ads,Brand Awareness,24210.00,6,22296.00,4035.00,-7.91,0.92,Reduce Spend
CAM_000088,Face-to-face 24hour archive,LinkedIn Ads,Lead Generation,16028.89,6,39750.40,2671.48,147.99,2.48,Maintain / Increase
CAM_000089,Triple-buffered responsive approach,Partner,Brand Awareness,18702.41,6,43507.00,3117.07,132.63,2.33,Maintain / Increase
CAM_000090,Focused asymmetric alliance,Organic Search,Retargeting,12305.11,6,20529.60,2050.85,66.84,1.67,Review
CAM_000091,Managed asynchronous migration,Content Marketing,Lead Generation,14326.92,2,4990.00,7163.46,-65.17,0.35,Reduce Spend
CAM_000092,Front-line even-keeled secured line,Organic Search,Lead Generation,15395.74,6,14494.40,2565.96,-5.85,0.94,Reduce Spend
CAM_000093,Pre-emptive didactic moratorium,Google Ads,Webinar,22876.94,6,13093.00,3812.82,-42.77,0.57,Reduce Spend
CAM_000094,De-engineered uniform orchestration,Google Ads,Retargeting,7943.43,5,23079.00,1588.69,190.54,2.91,Maintain / Increase
CAM_000095,Re-engineered methodical encryption,Content Marketing,Retargeting,5598.23,10,21816.40,559.82,289.70,3.90,Maintain / Increase
CAM_000096,Phased incremental core,Partner,Webinar,15987.07,4,20771.00,3996.77,29.92,1.30,Reduce Spend
CAM_000097,Cross-platform bandwidth-monitored protocol,Google Ads,Lead Generation,17901.25,7,33208.20,2557.32,85.51,1.86,Review
CAM_000098,Optional heuristic interface,Referral,Lead Generation,18793.70,1,1990.00,18793.70,-89.41,0.11,Reduce Spend
CAM_000099,Open-source maximized superstructure,Organic Search,Lead Generation,36318.16,5,17251.00,7263.63,-52.50,0.47,Reduce Spend
CAM_000100,Business-focused systematic projection,Content Marketing,Retargeting,9814.27,6,17849.40,1635.71,81.87,1.82,Review
CAM_000101,Stand-alone bandwidth-monitored approach,Partner,Brand Awareness,38304.69,5,24899.20,7660.94,-35.00,0.65,Reduce Spend
CAM_000102,Open-architected upward-trending Graphical User Interface,Email Marketing,Brand Awareness,22991.78,8,34014.20,2873.97,47.94,1.48,Reduce Spend
CAM_000103,Customer-focused dynamic core,Organic Search,Webinar,17644.36,7,30888.00,2520.62,75.06,1.75,Review
CAM_000104,Ergonomic national knowledge user,Organic Search,Retargeting,8584.58,6,13812.00,1430.76,60.89,1.61,Review
CAM_000105,Devolved interactive contingency,Google Ads,Webinar,5782.96,6,19336.00,963.83,234.36,3.34,Maintain / Increase
CAM_000106,Grass-roots maximized encryption,Referral,Lead Generation,24673.07,4,11662.00,6168.27,-52.73,0.47,Reduce Spend
CAM_000107,Compatible leadingedge workforce,Partner,Lead Generation,16692.06,8,24858.00,2086.51,48.92,1.49,Reduce Spend
CAM_000108,Reactive bandwidth-monitored application,Email Marketing,Brand Awareness,37613.60,6,13134.00,6268.93,-65.08,0.35,Reduce Spend
CAM_000109,Streamlined needs-based access,LinkedIn Ads,Lead Generation,20766.69,10,13242.00,2076.67,-36.23,0.64,Reduce Spend
CAM_000110,Cross-group web-enabled encoding,LinkedIn Ads,Product Launch,41983.45,6,28107.40,6997.24,-33.05,0.67,Reduce Spend
CAM_000111,Down-sized incremental matrix,Google Ads,Brand Awareness,6927.27,11,18991.00,629.75,174.15,2.74,Maintain / Increase
CAM_000112,Polarized didactic initiative,Referral,Brand Awareness,16584.49,6,15650.00,2764.08,-5.63,0.94,Reduce Spend
CAM_000113,Centralized composite implementation,Organic Search,Retargeting,12230.52,11,91378.80,1111.87,647.14,7.47,Maintain / Increase
CAM_000114,Adaptive human-resource firmware,Partner,Retargeting,8613.30,11,59959.40,783.03,596.13,6.96,Maintain / Increase
CAM_000115,Persevering executive interface,Content Marketing,Product Launch,61123.65,7,17771.00,8731.95,-70.93,0.29,Reduce Spend
CAM_000116,Total upward-trending toolset,Referral,Product Launch,72085.04,8,23076.00,9010.63,-67.99,0.32,Reduce Spend
CAM_000117,Realigned stable structure,Referral,Brand Awareness,12951.68,5,11401.00,2590.34,-11.97,0.88,Reduce Spend
CAM_000118,Pre-emptive coherent core,Content Marketing,Retargeting,13494.82,9,49975.00,1499.42,270.33,3.70,Maintain / Increase
CAM_000119,Implemented didactic approach,Referral,Brand Awareness,12421.70,1,2388.00,12421.70,-80.78,0.19,Reduce Spend
CAM_000120,Reduced user-facing moratorium,Organic Search,Retargeting,2560.27,2,2630.00,1280.14,2.72,1.03,Reduce Spend
CAM_000121,Centralized value-added functionalities,Organic Search,Retargeting,13766.46,9,71239.80,1529.61,417.49,5.17,Maintain / Increase
CAM_000122,Centralized actuating paradigm,Organic Search,Webinar,24436.44,5,85653.40,4887.29,250.52,3.51,Maintain / Increase
CAM_000123,Polarized motivating moderator,Email Marketing,Retargeting,4632.50,9,40321.20,514.72,770.40,8.70,Maintain / Increase
CAM_000124,Diverse analyzing migration,Organic Search,Brand Awareness,14290.04,7,13296.00,2041.43,-6.96,0.93,Reduce Spend
CAM_000125,Configurable contextually-based architecture,Organic Search,Retargeting,11136.40,3,19179.00,3712.13,72.22,1.72,Review
CAM_000126,Right-sized asymmetric service-desk,Partner,Lead Generation,24174.47,6,72060.40,4029.08,198.08,2.98,Maintain / Increase
CAM_000127,Front-line impactful capability,Content Marketing,Lead Generation,38559.03,9,39106.20,4284.34,1.42,1.01,Reduce Spend
CAM_000128,Re-contextualized dynamic paradigm,Partner,Product Launch,69697.85,4,27219.80,17424.46,-60.95,0.39,Reduce Spend
CAM_000129,Right-sized 6thgeneration process improvement,Organic Search,Lead Generation,12546.06,6,67440.20,2091.01,437.54,5.38,Maintain / Increase
CAM_000130,Configurable intangible protocol,Organic Search,Lead Generation,34798.25,4,27820.00,8699.56,-20.05,0.80,Reduce Spend
CAM_000131,Reduced non-volatile model,Organic Search,Product Launch,41421.54,4,8358.00,10355.39,-79.82,0.20,Reduce Spend
CAM_000132,Intuitive empowering database,LinkedIn Ads,Webinar,20564.93,5,194667.00,4112.99,846.60,9.47,Maintain / Increase
CAM_000133,Synchronized transitional functionalities,Organic Search,Brand Awareness,8314.04,4,26868.40,2078.51,223.17,3.23,Maintain / Increase
CAM_000134,Front-line empowering infrastructure,Referral,Webinar,8501.15,9,29146.80,944.57,242.86,3.43,Maintain / Increase
CAM_000135,De-engineered static project,Partner,Lead Generation,34619.39,10,20494.00,3461.94,-40.80,0.59,Reduce Spend
CAM_000136,Innovative logistical functionalities,Referral,Product Launch,69800.46,11,22542.00,6345.50,-67.71,0.32,Reduce Spend
CAM_000137,Versatile asynchronous access,Email Marketing,Webinar,16386.32,6,68362.60,2731.05,317.19,4.17,Maintain / Increase
CAM_000138,Persevering regional open system,Content Marketing,Retargeting,11032.71,8,40544.80,1379.09,267.50,3.67,Maintain / Increase
CAM_000139,Cross-platform asynchronous monitoring,Organic Search,Lead Generation,39185.86,9,28838.60,4353.98,-26.41,0.74,Reduce Spend
CAM_000140,Extended motivating firmware,Google Ads,Lead Generation,37879.90,7,36233.20,5411.41,-4.35,0.96,Reduce Spend
CAM_000141,De-engineered grid-enabled architecture,Organic Search,Webinar,5442.42,12,29734.00,453.54,446.34,5.46,Maintain / Increase
CAM_000142,Fully-configurable holistic forecast,Referral,Product Launch,81515.21,7,18344.00,11645.03,-77.50,0.23,Reduce Spend
CAM_000143,Diverse leadingedge moratorium,Organic Search,Brand Awareness,8952.41,5,8151.20,1790.48,-8.95,0.91,Reduce Spend
CAM_000144,Triple-buffered exuding pricing structure,Organic Search,Retargeting,6450.79,6,14548.00,1075.13,125.52,2.26,Maintain / Increase
CAM_000145,Streamlined multi-tasking access,Organic Search,Webinar,3779.81,8,11833.00,472.48,213.06,3.13,Maintain / Increase
CAM_000146,Synchronized neutral framework,Organic Search,Webinar,14966.17,4,20480.00,3741.54,36.84,1.37,Reduce Spend
CAM_000147,Switchable bi-directional challenge,Organic Search,Brand Awareness,5440.99,7,16676.00,777.28,206.49,3.06,Maintain / Increase
CAM_000148,Fundamental bifurcated benchmark,Email Marketing,Product Launch,30230.44,3,7568.00,10076.81,-74.97,0.25,Reduce Spend
CAM_000149,User-friendly neutral collaboration,Organic Search,Retargeting,4774.23,9,91789.60,530.47,1822.61,19.23,Maintain / Increase
CAM_000150,Future-proofed executive portal,Referral,Webinar,11202.54,2,2189.00,5601.27,-80.46,0.20,Reduce Spend
CAM_000151,Expanded transitional Graphical User Interface,Content Marketing,Lead Generation,31696.11,6,7363.00,5282.69,-76.77,0.23,Reduce Spend
CAM_000152,Expanded systemic productivity,Google Ads,Product Launch,59685.00,5,35945.00,11937.00,-39.78,0.60,Reduce Spend
CAM_000153,Fundamental motivating matrix,Organic Search,Lead Generation,38198.53,11,41010.00,3472.59,7.36,1.07,Reduce Spend
CAM_000154,Function-based actuating array,Partner,Webinar,8316.28,4,76761.20,2079.07,823.02,9.23,Maintain / Increase
CAM_000155,Sharable interactive focus group,LinkedIn Ads,Retargeting,6768.79,5,7645.00,1353.76,12.94,1.13,Reduce Spend
CAM_000156,Balanced 24hour groupware,Organic Search,Webinar,16117.89,9,91556.20,1790.88,468.04,5.68,Maintain / Increase
CAM_000157,Visionary clear-thinking productivity,Content Marketing,Lead Generation,18032.91,7,69666.20,2576.13,286.33,3.86,Maintain / Increase
CAM_000158,Fundamental cohesive support,Partner,Brand Awareness,22827.18,6,14650.40,3804.53,-35.82,0.64,Reduce Spend
CAM_000159,Organic neutral strategy,Organic Search,Lead Generation,24091.91,4,84481.60,6022.98,250.66,3.51,Maintain / Increase
CAM_000160,Optimized next generation access,Content Marketing,Lead Generation,36185.21,6,9353.00,6030.87,-74.15,0.26,Reduce Spend
CAM_000161,Customizable asynchronous solution,Referral,Lead Generation,35970.14,8,43888.80,4496.27,22.01,1.22,Reduce Spend
CAM_000162,Distributed needs-based alliance,Referral,Lead Generation,16407.90,7,35688.00,2343.99,117.50,2.18,Maintain / Increase
CAM_000163,Multi-layered optimal neural-net,Google Ads,Lead Generation,30016.13,10,27057.20,3001.61,-9.86,0.90,Reduce Spend
CAM_000164,Digitized intermediate capacity,Content Marketing,Retargeting,18035.50,6,53620.60,3005.92,197.31,2.97,Maintain / Increase
CAM_000165,Balanced fault-tolerant hierarchy,Organic Search,Retargeting,14135.10,10,394355.20,1413.51,2689.90,27.90,Maintain / Increase
CAM_000172,Assimilated context-sensitive support,Referral,Brand Awareness,10996.00,3,4519.00,3665.33,-58.90,0.41,Reduce Spend
CAM_000173,Managed zero tolerance installation,Organic Search,Webinar,8237.66,5,28218.20,1647.53,242.55,3.43,Maintain / Increase
CAM_000174,Synchronized user-facing workforce,Partner,Retargeting,4236.38,5,74877.40,847.28,1667.49,17.67,Maintain / Increase
CAM_000175,Fully-configurable encompassing complexity,Content Marketing,Webinar,7166.74,4,44094.40,1791.69,515.26,6.15,Maintain / Increase
CAM_000176,Total bi-directional implementation,Organic Search,Retargeting,6861.65,8,73327.20,857.71,968.65,10.69,Maintain / Increase
CAM_000177,Automated methodical definition,Organic Search,Product Launch,41006.13,8,8772.00,5125.77,-78.61,0.21,Reduce Spend
CAM_000178,Exclusive logistical hardware,Organic Search,Retargeting,18732.18,6,75225.20,3122.03,301.58,4.02,Maintain / Increase
CAM_000179,Integrated discrete definition,Referral,Retargeting,5637.09,8,30595.00,704.64,442.74,5.43,Maintain / Increase
CAM_000180,Assimilated stable core,Organic Search,Product Launch,72699.03,4,14404.00,18174.76,-80.19,0.20,Reduce Spend
CAM_000181,Open-architected full-range focus group,Organic Search,Brand Awareness,32097.42,4,20976.00,8024.36,-34.65,0.65,Reduce Spend
CAM_000182,Cloned zero administration focus group,Email Marketing,Brand Awareness,6767.10,12,21468.00,563.93,217.24,3.17,Maintain / Increase
CAM_000183,Monitored secondary migration,Google Ads,Retargeting,20547.13,9,46066.60,2283.01,124.20,2.24,Maintain / Increase
CAM_000184,Open-architected systematic monitoring,Organic Search,Retargeting,4078.96,7,74659.80,582.71,1730.36,18.30,Maintain / Increase
CAM_000185,Managed 4thgeneration budgetary management,Email Marketing,Webinar,13462.99,6,259850.20,2243.83,1830.11,19.30,Maintain / Increase
CAM_000186,Fundamental context-sensitive paradigm,Partner,Lead Generation,26602.13,9,100646.60,2955.79,278.34,3.78,Maintain / Increase
CAM_000187,Fundamental 5thgeneration benchmark,Content Marketing,Product Launch,28367.67,10,126746.20,2836.77,346.80,4.47,Maintain / Increase
CAM_000188,Right-sized intermediate hardware,Referral,Brand Awareness,22868.42,9,322628.20,2540.94,1310.80,14.11,Maintain / Increase
CAM_000189,Upgradable zero tolerance functionalities,Organic Search,Webinar,16715.79,6,13928.20,2785.97,-16.68,0.83,Reduce Spend
CAM_000190,Optional real-time migration,Partner,Lead Generation,31304.10,4,56820.80,7826.03,81.51,1.82,Review
CAM_000191,Customizable human-resource orchestration,LinkedIn Ads,Retargeting,15351.08,11,111355.00,1395.55,625.39,7.25,Maintain / Increase
CAM_000192,Ergonomic eco-centric analyzer,LinkedIn Ads,Lead Generation,14026.38,2,1078.00,7013.19,-92.31,0.08,Reduce Spend
CAM_000193,Triple-buffered intermediate ability,LinkedIn Ads,Brand Awareness,32482.63,7,7489.00,4640.38,-76.94,0.23,Reduce Spend
CAM_000194,Programmable national software,Referral,Retargeting,12067.22,6,33089.40,2011.20,174.21,2.74,Maintain / Increase
CAM_000195,Up-sized user-facing support,Organic Search,Retargeting,8983.46,6,34687.20,1497.24,286.12,3.86,Maintain / Increase
CAM_000196,Synchronized dedicated hierarchy,Google Ads,Lead Generation,10321.58,5,36606.20,2064.32,254.66,3.55,Maintain / Increase
CAM_000197,Optional asymmetric secured line,Organic Search,Brand Awareness,34394.63,9,81578.00,3821.63,137.18,2.37,Maintain / Increase
CAM_000198,Managed regional functionalities,Referral,Brand Awareness,21491.55,6,30457.00,3581.93,41.72,1.42,Reduce Spend
CAM_000199,Switchable bottom-line success,Referral,Retargeting,16681.75,7,13838.00,2383.11,-17.05,0.83,Reduce Spend
CAM_000200,Innovative motivating function,Organic Search,Lead Generation,34849.99,4,7477.40,8712.50,-78.54,0.21,Reduce Spend
